url,authors,downloads,unique_downloads,views,unique_views,version_downloads,version_unique_downloads,version_unique_views,version_views
https://zenodo.org/records/17541532,"""Kabjesz, Lea and Gihlein, Lea and Lampert, Mara Harriet and Haase, Robert""",300,226,345,315,300,226,315,345
https://zenodo.org/records/17478160,"""Haase, Robert""",11,7,153,143,11,7,143,153
https://zenodo.org/records/17422917,"""Haase, Robert""",302,245,396,388,302,245,388,396
https://zenodo.org/records/17240205,"""Umlauft, Josefine""",387,377,106,96,387,377,96,106
https://zenodo.org/records/17203260,"""Haase, Robert""",530,469,434,417,329,292,376,390
https://zenodo.org/records/17186869,"""Haase, Robert""",492,428,649,640,375,328,527,533
https://zenodo.org/records/17158770,"""Schott, Philipp and Wolf, Gregor and Welz, Oliver""",28,28,223,212,28,28,212,223
https://zenodo.org/records/17158643,"""Welz, Oliver""",152,112,207,197,152,112,197,207
https://zenodo.org/records/17130780,"""Berger, Mike and Täschner, Matthias and Voigt, Pia""",220,200,173,166,220,200,166,173
https://zenodo.org/records/17116758,"""Haase, Robert""",470,412,938,907,470,412,907,938
https://zenodo.org/records/17093197,"""Kabjesz, Lea and Gihlein, Lea and Lampert, Mara Harriet and Götze, Luisa""",694,611,580,561,694,611,561,580
https://zenodo.org/records/17102027,"""Haase, Robert""",321,236,246,233,321,236,233,246
https://zenodo.org/records/17085991,"""Haase, Robert""",961,806,962,912,563,447,690,738
https://zenodo.org/records/17053832,"""Haase, Robert""",328,243,412,405,328,243,405,412
https://zenodo.org/records/17017890,"""Haase, Robert""",177,158,266,262,177,158,262,266
https://zenodo.org/records/16894343,"""Haase, Robert""",129,102,158,145,129,102,145,158
https://zenodo.org/records/15858127,"""Haase, Robert""",14961,14117,2534,2392,3722,3462,1002,1105
https://zenodo.org/records/15805268,"""Philipp, Schott and Gregor, Wolf and Oliver, Welz""",142,140,287,267,141,139,264,281
https://zenodo.org/records/15805148,"""Center for Scalable Data Analytics and Artificial Intelligence and Oliver, Welz""",252,224,181,166,252,224,166,181
https://zenodo.org/records/15735577,"""Haase, Robert""",796,609,915,831,796,609,831,915
https://zenodo.org/records/15706181,"""Haase, Robert""",775,692,451,429,498,430,322,340
https://zenodo.org/records/15699459,"""Haase, Robert""",1164,1067,710,679,962,883,519,544
https://zenodo.org/records/15654889,"""Taeschner, Matthias and Haase, Robert""",400,349,371,358,400,349,358,371
https://zenodo.org/records/15646539,"""Haase, Robert""",557,469,351,335,485,399,297,311
https://zenodo.org/records/15516022,"""Haase, Robert""",2166,2042,528,506,1678,1575,431,451
https://zenodo.org/records/17669681,"""Haase, Robert""",186,167,272,257,186,167,257,272
https://zenodo.org/records/17163932,"""Achkar, Pierre and Gollub, Tim and Potthast, Martin""",407,373,602,546,407,373,546,602
https://zenodo.org/records/16890132,"""Schröder, Christopher and Müller, Lydia and Niekler, Andreas and Potthast, Martin""",998,987,4192,4045,61,57,812,853
https://zenodo.org/records/15347992,"""Heineking, Sebastian and Zelch, Ines and Potthast, Martin and Hagen, Matthias""",2617,2559,1900,1777,901,892,714,763
https://zenodo.org/records/15270283,"""Heineking, Sebastian and Zelch, Ines and Bevendorff, Janek and Stein, Benno and Hagen, Matthias and Potthast, Martin""",4874,4727,2546,2158,2844,2811,814,1071
https://zenodo.org/records/13860524,"""Gienapp, Lukas and Potthast, Martin and Wachsmuth, Henning and Hagen, Matthias and Fröbe, Maik and Bondarenko, Alexander and Ajjour, Yamen and Stein, Benno""",5941,4809,1053,1018,888,883,332,344
https://zenodo.org/records/11203881,"""Deckers, Niklas and Peters, Julia and Potthast, Martin""",164,115,649,603,133,84,407,437
https://zenodo.org/records/10628882,"""Akiki, Christopher and Barschel, Hanno and Elstner, Theresa and Fleisch, Till and Franke, Johannes and Fröbe, Maik and Gienapp, Lukas and Gründel, Marlene and Hagen, Matthias and Kucera, Paul and Marschner, Paul and Niederhausen, Tim and Potthast, Martin and Reimer, Jan Heinrich and Scells, Harrisen and Stein, Benno and Weber, Malte and Wild, Dominic""",31847,22823,140,133,31847,22823,133,140
https://zenodo.org/records/10628640,"""Scells, Harrisen and Elstner, Theresa and Fröbe, Maik and Akiki, Christopher and Gienapp, Lukas and Reimer, Jan Heinrich and Hagen, Matthias and Potthast, Martin""",13442,6118,191,188,13442,6118,188,191
https://zenodo.org/records/10036479,"""Wolska, Magdalena and Wiegmann, Matti and Schröder, Christopher and Borchardt, Ole and Stein, Benno and Potthast, Martin""",115,108,566,551,115,108,551,566
https://zenodo.org/records/8383863,"""Matti Wiegmann and Magdalena Wolska and Christopher Schröder and Ole Borchardt and Benno Stein and Martin Potthast""",377,243,1447,1223,56,54,346,381
https://zenodo.org/records/7976807,"""Wiegmann and Wolska and Schröder and Borchardt and Stein and Potthast""",208,178,711,638,206,176,632,705
https://zenodo.org/records/7525482,"""Niklas Deckers and Maik Fröbe and Johannes Kiesel and Gianluca Pandolfo and Christopher Schröder and Benno Stein and Martin Potthast""",327,289,265,253,239,210,175,182
https://zenodo.org/records/6873575,"""Kiesel, Johannes and Potthast, Martin and Stein, Benno""",8165,6654,1573,1503,6530,5116,901,954
https://zenodo.org/records/6873564,"""Potthast, Martin and Gienapp, Lukas and Wachsmuth, Henning and Hagen, Matthias and Fröbe, Maik and Bondarenko, Alexander and Ajjour, Yamen and Stein, Benno""",6026,4472,1378,1306,751,708,737,787
https://zenodo.org/records/6425595,"""Matti Wiegmann and Michael Vöslke and Martin Potthast and Benno Stein""",79,71,593,574,75,68,570,588
https://zenodo.org/records/5575320,"""Gienapp, Lukas and Kircheis, Wolfgang and Sievers, Bjarne and Stein, Benno and Potthast, Martin""",0,0,393,356,0,0,356,393
https://zenodo.org/records/5575285,"""Gienapp, Lukas and Kircheis, Wolfgang and Sievers, Bjarne and Stein, Benno and Potthast, Martin""",589,459,1174,1088,589,459,1088,1174
https://zenodo.org/records/5495793,"""Erik Körner and Ahmad Dawar Hakimi and Gerhard Heyer and Martin Potthast""",90,82,500,479,90,82,478,499
https://zenodo.org/records/5380989,"""Gregor Wiedemann and Erik Körner and Ahmad Dawar Hakimi and Gerhard Heyer and Martin Potthast""",223,207,535,503,223,207,503,535
https://zenodo.org/records/5282635,"""Ahmad Dawar Hakimi and Erik Körner and Gregor Wiedemann and Gerhard Heyer and Martin Potthast""",124,122,516,487,123,121,485,514
https://zenodo.org/records/4108196,"""Lars Meyer and Johannes Kiesel and Martin Potthast and Benno Stein""",250,240,332,315,250,240,315,332
https://zenodo.org/records/4064019,"""Kiesel, Johannes and Potthast, Martin and Hagen, Matthias and Kneist, Florian and Stein, Benno""",823691,408248,3223,3018,9484,4268,1136,1233
https://zenodo.org/records/3766985,"""Janek Bevendorff and Khalid Al-Khatib and Martin Potthast and Benno Stein""",958,491,2133,1792,958,491,1789,2130
https://zenodo.org/records/3653834,"""Chen ,Wei-Fan and Syed, Shahbaz and Potthast, Martin and Hagen, Matthias and Stein, Benno""",3244,827,1470,1345,3238,823,1338,1463
https://zenodo.org/records/7520777,"""Mailach, Alina and Siegmund, Norbert""",43,43,379,370,43,43,370,379
https://zenodo.org/records/7745740,"""Sebastian Simon""",93,92,543,535,70,69,497,503
https://zenodo.org/records/19635484,"""Haase, Robert""",33,30,80,78,33,30,78,80
https://zenodo.org/records/19633745,"""Haase, Robert""",41,38,349,347,41,38,347,349
https://zenodo.org/records/19629840,"""Welz, Oliver and Wolf, Gregor""",98,91,135,130,82,75,61,65
https://zenodo.org/records/19246441,"""Höck, Lina Lisa and Haase, Robert""",438,409,407,398,392,367,373,382
https://zenodo.org/records/18958000,"""Welz, Oliver""",41,35,61,54,41,35,54,61
https://zenodo.org/records/18908461,"""Haase, Robert""",318,267,282,271,278,232,237,246
https://zenodo.org/records/18804366,"""Haase, Robert""",197,179,257,250,197,179,250,257
https://zenodo.org/records/18735653,"""Haase, Robert""",164,149,162,159,164,149,159,162
https://zenodo.org/records/18377121,"""Haase, Robert""",1197,1121,609,591,393,344,453,469
https://zenodo.org/records/18283705,"""Nestler, Till and Burghardt, Thomas""",134,127,506,458,134,127,458,506
https://zenodo.org/records/18301532,"""Burghardt, Thomas and Alzin, Ahmad""",120,100,476,409,120,100,409,476
https://zenodo.org/records/18297737,"""Haase, Robert""",597,511,724,690,522,443,603,633
https://zenodo.org/records/17978132,"""Engelhardt, Claudia and Haase, Robert and Hundt, Carolin and Langermann, Florence and Voigt, Pia""",4078,3755,667,637,4056,3734,477,495
https://zenodo.org/records/17935652,"""Welz, Oliver""",25,25,91,87,25,25,87,91
https://zenodo.org/records/17901300,"""Haase, Robert""",478,448,434,428,300,287,347,350
https://zenodo.org/records/20825671,"""Haase, Robert""",92,80,140,131,92,80,131,140
https://zenodo.org/records/20730252,"""Welz, Oliver""",13,12,56,51,13,12,51,56
https://zenodo.org/records/20512957,"""Haase, Robert""",347,273,285,274,347,273,274,285
https://zenodo.org/records/20474586,"""Haase, Robert""",306,182,223,212,306,182,212,223
https://zenodo.org/records/20327535,"""Rockstroh, Sarah and Haase, Robert""",136,119,156,145,136,119,145,156
https://zenodo.org/records/20123309,"""Haase, Robert""",66,64,75,73,66,64,73,75
https://zenodo.org/records/20084784,"""Rafay, Abdul and Susanti, Yuni and Lamprecht, David and Färber, Michael""",365,326,591,520,191,167,315,363
https://zenodo.org/records/20639390,"""Lipp, Ilona and Haase, Robert""",63,63,97,93,63,63,93,97
https://zenodo.org/records/20551619,"""Haase, Robert""",445,361,471,450,432,349,427,448
https://zenodo.org/records/19690207,"""Haase, Robert""",321,253,366,339,321,253,339,366
https://zenodo.org/records/18879906,"""Haase, Robert""",613,514,611,559,613,514,559,611
https://zenodo.org/records/10695923,"""Eulzer, Pepe and Richter, Kevin and Probst, Tristan and Hundertmark, Anna and Lawonn, Kai""",1411,1004,2325,2125,721,553,1118,1258
https://zenodo.org/records/21977243,"""Haase, Robert""",26,24,179,160,26,24,160,179
